{
    "compra": 6.85,
    "venta": 6.97,
    "oficial": 6.96,
    "ufvc": 3.09193,
    "ufvv": 3.09193,
    "mvcc": 6.86,
    "mvcv": 6.86,
    "tre": 0.52,
    "tremn": 3.34,
    "tremv": 1.99,
    "treufv": 0.01,
    "euroc": 7.6628,
    "eurov": 11.325
}